<?xml version='1.0' encoding='UTF-8'?>
<doxyfile xmlns:xsi="http://www.w3.org/2001/XMLSchema-instance" xsi:noNamespaceSchemaLocation="doxyfile.xsd" version="1.15.0" xml:lang="en-US">
	<option id="DOXYFILE_ENCODING" default="yes" type="string">
		<value>UTF-8</value>
	</option>
	<option id="PROJECT_NAME" default="no" type="string">
		<value>"Calendar Tool"</value>
	</option>
	<option id="PROJECT_NUMBER" default="yes" type="string">
		<value></value>
	</option>
	<option id="PROJECT_BRIEF" default="no" type="string">
		<value>"A C++23 CLI tool for generating leap-year aware calendars."</value>
	</option>
	<option id="PROJECT_LOGO" default="yes" type="string">
		<value></value>
	</option>
	<option id="PROJECT_ICON" default="yes" type="string">
		<value></value>
	</option>
	<option id="OUTPUT_DIRECTORY" default="no" type="string">
		<value>/tmp/poxy/bug_report</value>
	</option>
	<option id="CREATE_SUBDIRS" default="yes" type="bool">
		<value>NO</value>
	</option>
	<option id="CREATE_SUBDIRS_LEVEL" default="yes" type="int">
		<value>8</value>
	</option>
	<option id="ALLOW_UNICODE_NAMES" default="yes" type="bool">
		<value>NO</value>
	</option>
	<option id="OUTPUT_LANGUAGE" default="yes" type="string">
		<value>English</value>
	</option>
	<option id="BRIEF_MEMBER_DESC" default="yes" type="bool">
		<value>YES</value>
	</option>
	<option id="REPEAT_BRIEF" default="yes" type="bool">
		<value>YES</value>
	</option>
	<option id="ABBREVIATE_BRIEF" default="yes" type="stringlist">
		<value>"The $name class"</value>
		<value>"The $name widget"</value>
		<value>"The $name file"</value>
		<value>is</value>
		<value>provides</value>
		<value>specifies</value>
		<value>contains</value>
		<value>represents</value>
		<value>a</value>
		<value>an</value>
		<value>the</value>
	</option>
	<option id="ALWAYS_DETAILED_SEC" default="yes" type="bool">
		<value>NO</value>
	</option>
	<option id="INLINE_INHERITED_MEMB" default="no" type="bool">
		<value>YES</value>
	</option>
	<option id="FULL_PATH_NAMES" default="yes" type="bool">
		<value>YES</value>
	</option>
	<option id="STRIP_FROM_PATH" default="no" type="stringlist">
		<value>/tmp/poxy/bug_report/temp/pages</value>
	</option>
	<option id="STRIP_FROM_INC_PATH" default="yes" type="stringlist">
  </option>
	<option id="SHORT_NAMES" default="yes" type="bool">
		<value>NO</value>
	</option>
	<option id="JAVADOC_AUTOBRIEF" default="yes" type="bool">
		<value>NO</value>
	</option>
	<option id="JAVADOC_BANNER" default="yes" type="bool">
		<value>NO</value>
	</option>
	<option id="QT_AUTOBRIEF" default="yes" type="bool">
		<value>NO</value>
	</option>
	<option id="MULTILINE_CPP_IS_BRIEF" default="yes" type="bool">
		<value>NO</value>
	</option>
	<option id="PYTHON_DOCSTRING" default="yes" type="bool">
		<value>YES</value>
	</option>
	<option id="INHERIT_DOCS" default="yes" type="bool">
		<value>YES</value>
	</option>
	<option id="SEPARATE_MEMBER_PAGES" default="yes" type="bool">
		<value>NO</value>
	</option>
	<option id="TAB_SIZE" default="yes" type="int">
		<value>4</value>
	</option>
	<option id="ALIASES" default="no" type="stringlist">
		<value>cpp=@code{.cpp}</value>
		<value>ecpp=@endcode</value>
		<value>endcpp=@endcode</value>
		<value>out=@code{.shell-session}</value>
		<value>eout=@endcode</value>
		<value>endout=@endcode</value>
		<value>python=@code{.py}</value>
		<value>epython=@endcode</value>
		<value>endpython=@endcode</value>
		<value>meson=@code{.py}</value>
		<value>emeson=@endcode</value>
		<value>endmeson=@endcode</value>
		<value>cmake=@code{.cmake}</value>
		<value>ecmake=@endcode</value>
		<value>endcmake=@endcode</value>
		<value>javascript=@code{.js}</value>
		<value>ejavascript=@endcode</value>
		<value>endjavascript=@endcode</value>
		<value>json=@code{.js}</value>
		<value>ejson=@endcode</value>
		<value>endjson=@endcode</value>
		<value>shell=@code{.shell-session}</value>
		<value>eshell=@endcode</value>
		<value>endshell=@endcode</value>
		<value>bash=@code{.sh}</value>
		<value>ebash=@endcode</value>
		<value>endbash=@endcode</value>
		<value>detail=@details</value>
		<value>conditional_return{1}=&lt;strong&gt;&lt;em&gt;\1:&lt;/em&gt;&lt;/strong&gt;</value>
		<value>"inline_attention=[set_class m-note m-warning]"</value>
		<value>"inline_note=[set_class m-note m-info]"</value>
		<value>"inline_remark=[set_class m-note m-default]"</value>
		<value>inline_subheading{1}=[h4]\1[/h4]</value>
		<value>"inline_success=[set_class m-note m-success]"</value>
		<value>"inline_warning=[set_class m-note m-danger]"</value>
		<value>"github{1}=&lt;a href=\"https://github.com/\1\" target=\"_blank\"&gt;\1&lt;/a&gt;"</value>
		<value>"github{2}=&lt;a href=\"https://github.com/\1\" target=\"_blank\"&gt;\2&lt;/a&gt;"</value>
		<value>"gitlab{1}=&lt;a href=\"https://gitlab.com/\1\" target=\"_blank\"&gt;\1&lt;/a&gt;"</value>
		<value>"gitlab{2}=&lt;a href=\"https://gitlab.com/\1\" target=\"_blank\"&gt;\2&lt;/a&gt;"</value>
		<value>"godbolt{1}=&lt;a href=\"https://godbolt.org/z/\1\" target=\"_blank\"&gt;Try this code on Compiler Explorer&lt;/a&gt;"</value>
		<value>"flags_enum=@note This enum is a flags type; it is equipped with a full complement of bitwise operators. ^^"</value>
		<value>"implementers=@par [parent_parent_set_class m-block m-dim][emoji hammer][entity nbsp]Implementers:"</value>
		<value>"optional=@par [parent_parent_set_class m-block m-info]Optional field ^^"</value>
		<value>"required=@par [parent_parent_set_class m-block m-warning][emoji warning][entity nbsp]Required field ^^"</value>
		<value>"availability=@par [parent_parent_set_class m-block m-special]Conditional availability ^^"</value>
		<value>"figure{1}=@image html \1"</value>
		<value>"figure{2}=@image html \1 \"\2\""</value>
		<value>"m_div{1}=@xmlonly&lt;mcss:div xmlns:mcss=\"http://mcss.mosra.cz/doxygen/\" mcss:class=\"\1\"&gt;@endxmlonly"</value>
		<value>m_enddiv=@xmlonly&lt;/mcss:div&gt;@endxmlonly</value>
		<value>"m_span{1}=@xmlonly&lt;mcss:span xmlns:mcss=\"http://mcss.mosra.cz/doxygen/\" mcss:class=\"\1\"&gt;@endxmlonly"</value>
		<value>m_endspan=@xmlonly&lt;/mcss:span&gt;@endxmlonly</value>
		<value>"m_class{1}=@xmlonly&lt;mcss:class xmlns:mcss=\"http://mcss.mosra.cz/doxygen/\" mcss:class=\"\1\" /&gt;@endxmlonly"</value>
		<value>"m_footernavigation=@xmlonly&lt;mcss:footernavigation xmlns:mcss=\"http://mcss.mosra.cz/doxygen/\" /&gt;@endxmlonly"</value>
		<value>"m_examplenavigation{2}=@xmlonly&lt;mcss:examplenavigation xmlns:mcss=\"http://mcss.mosra.cz/doxygen/\" mcss:page=\"\1\" mcss:prefix=\"\2\" /&gt;@endxmlonly"</value>
		<value>"m_keywords{1}=@xmlonly&lt;mcss:search xmlns:mcss=\"http://mcss.mosra.cz/doxygen/\" mcss:keywords=\"\1\" /&gt;@endxmlonly"</value>
		<value>"m_keyword{3}=@xmlonly&lt;mcss:search xmlns:mcss=\"http://mcss.mosra.cz/doxygen/\" mcss:keyword=\"\1\" mcss:title=\"\2\" mcss:suffix-length=\"\3\" /&gt;@endxmlonly"</value>
		<value>"m_enum_values_as_keywords=@xmlonly&lt;mcss:search xmlns:mcss=\"http://mcss.mosra.cz/doxygen/\" mcss:enum-values-as-keywords=\"true\" /&gt;@endxmlonly"</value>
	</option>
	<option id="OPTIMIZE_OUTPUT_FOR_C" default="yes" type="bool">
		<value>NO</value>
	</option>
	<option id="OPTIMIZE_OUTPUT_JAVA" default="yes" type="bool">
		<value>NO</value>
	</option>
	<option id="OPTIMIZE_FOR_FORTRAN" default="yes" type="bool">
		<value>NO</value>
	</option>
	<option id="OPTIMIZE_OUTPUT_VHDL" default="yes" type="bool">
		<value>NO</value>
	</option>
	<option id="OPTIMIZE_OUTPUT_SLICE" default="yes" type="bool">
		<value>NO</value>
	</option>
	<option id="EXTENSION_MAPPING" default="yes" type="stringlist">
  </option>
	<option id="MARKDOWN_SUPPORT" default="yes" type="bool">
		<value>YES</value>
	</option>
	<option id="MARKDOWN_STRICT" default="yes" type="bool">
		<value>YES</value>
	</option>
	<option id="TOC_INCLUDE_HEADINGS" default="no" type="int">
		<value>3</value>
	</option>
	<option id="MARKDOWN_ID_STYLE" default="yes" type="string">
		<value>DOXYGEN</value>
	</option>
	<option id="AUTOLINK_SUPPORT" default="yes" type="bool">
		<value>YES</value>
	</option>
	<option id="AUTOLINK_IGNORE_WORDS" default="yes" type="stringlist">
  </option>
	<option id="BUILTIN_STL_SUPPORT" default="yes" type="bool">
		<value>NO</value>
	</option>
	<option id="CPP_CLI_SUPPORT" default="yes" type="bool">
		<value>NO</value>
	</option>
	<option id="SIP_SUPPORT" default="yes" type="bool">
		<value>NO</value>
	</option>
	<option id="IDL_PROPERTY_SUPPORT" default="no" type="bool">
		<value>NO</value>
	</option>
	<option id="DISTRIBUTE_GROUP_DOC" default="yes" type="bool">
		<value>NO</value>
	</option>
	<option id="GROUP_NESTED_COMPOUNDS" default="yes" type="bool">
		<value>NO</value>
	</option>
	<option id="SUBGROUPING" default="yes" type="bool">
		<value>YES</value>
	</option>
	<option id="INLINE_GROUPED_CLASSES" default="yes" type="bool">
		<value>NO</value>
	</option>
	<option id="INLINE_SIMPLE_STRUCTS" default="yes" type="bool">
		<value>NO</value>
	</option>
	<option id="TYPEDEF_HIDES_STRUCT" default="yes" type="bool">
		<value>NO</value>
	</option>
	<option id="LOOKUP_CACHE_SIZE" default="no" type="int">
		<value>2</value>
	</option>
	<option id="NUM_PROC_THREADS" default="no" type="int">
		<value>4</value>
	</option>
	<option id="TIMESTAMP" default="yes" type="string">
		<value>NO</value>
	</option>
	<option id="EXTRACT_ALL" default="no" type="bool">
		<value>YES</value>
	</option>
	<option id="EXTRACT_PRIVATE" default="yes" type="bool">
		<value>NO</value>
	</option>
	<option id="EXTRACT_PRIV_VIRTUAL" default="no" type="bool">
		<value>YES</value>
	</option>
	<option id="EXTRACT_PACKAGE" default="yes" type="bool">
		<value>NO</value>
	</option>
	<option id="EXTRACT_STATIC" default="yes" type="bool">
		<value>NO</value>
	</option>
	<option id="EXTRACT_LOCAL_CLASSES" default="no" type="bool">
		<value>NO</value>
	</option>
	<option id="EXTRACT_LOCAL_METHODS" default="yes" type="bool">
		<value>NO</value>
	</option>
	<option id="EXTRACT_ANON_NSPACES" default="yes" type="bool">
		<value>NO</value>
	</option>
	<option id="RESOLVE_UNNAMED_PARAMS" default="yes" type="bool">
		<value>YES</value>
	</option>
	<option id="HIDE_UNDOC_MEMBERS" default="no" type="bool">
		<value>YES</value>
	</option>
	<option id="HIDE_UNDOC_CLASSES" default="no" type="bool">
		<value>YES</value>
	</option>
	<option id="HIDE_UNDOC_NAMESPACES" default="yes" type="bool">
		<value>YES</value>
	</option>
	<option id="HIDE_FRIEND_COMPOUNDS" default="yes" type="bool">
		<value>NO</value>
	</option>
	<option id="HIDE_IN_BODY_DOCS" default="yes" type="bool">
		<value>NO</value>
	</option>
	<option id="INTERNAL_DOCS" default="yes" type="bool">
		<value>NO</value>
	</option>
	<option id="CASE_SENSE_NAMES" default="no" type="string">
		<value>NO</value>
	</option>
	<option id="HIDE_SCOPE_NAMES" default="yes" type="bool">
		<value>NO</value>
	</option>
	<option id="HIDE_COMPOUND_REFERENCE" default="yes" type="bool">
		<value>NO</value>
	</option>
	<option id="SHOW_HEADERFILE" default="yes" type="bool">
		<value>YES</value>
	</option>
	<option id="SHOW_INCLUDE_FILES" default="yes" type="bool">
		<value>YES</value>
	</option>
	<option id="SHOW_GROUPED_MEMB_INC" default="yes" type="bool">
		<value>NO</value>
	</option>
	<option id="FORCE_LOCAL_INCLUDES" default="yes" type="bool">
		<value>NO</value>
	</option>
	<option id="INLINE_INFO" default="yes" type="bool">
		<value>YES</value>
	</option>
	<option id="SORT_MEMBER_DOCS" default="no" type="bool">
		<value>NO</value>
	</option>
	<option id="SORT_BRIEF_DOCS" default="yes" type="bool">
		<value>NO</value>
	</option>
	<option id="SORT_MEMBERS_CTORS_1ST" default="no" type="bool">
		<value>YES</value>
	</option>
	<option id="SORT_GROUP_NAMES" default="no" type="bool">
		<value>YES</value>
	</option>
	<option id="SORT_BY_SCOPE_NAME" default="yes" type="bool">
		<value>NO</value>
	</option>
	<option id="STRICT_PROTO_MATCHING" default="yes" type="bool">
		<value>NO</value>
	</option>
	<option id="GENERATE_TODOLIST" default="no" type="bool">
		<value>NO</value>
	</option>
	<option id="GENERATE_TESTLIST" default="no" type="bool">
		<value>NO</value>
	</option>
	<option id="GENERATE_BUGLIST" default="no" type="bool">
		<value>NO</value>
	</option>
	<option id="GENERATE_DEPRECATEDLIST" default="no" type="bool">
		<value>NO</value>
	</option>
	<option id="ENABLED_SECTIONS" default="no" type="stringlist">
		<value>public</value>
		<value>external</value>
		<value>poxy_supports_concepts</value>
	</option>
	<option id="MAX_INITIALIZER_LINES" default="yes" type="int">
		<value>30</value>
	</option>
	<option id="SHOW_USED_FILES" default="no" type="bool">
		<value>NO</value>
	</option>
	<option id="SHOW_FILES" default="yes" type="bool">
		<value>YES</value>
	</option>
	<option id="SHOW_NAMESPACES" default="yes" type="bool">
		<value>YES</value>
	</option>
	<option id="FILE_VERSION_FILTER" default="yes" type="string">
		<value></value>
	</option>
	<option id="LAYOUT_FILE" default="yes" type="string">
		<value></value>
	</option>
	<option id="CITE_BIB_FILES" default="yes" type="stringlist">
  </option>
	<option id="EXTERNAL_TOOL_PATH" default="yes" type="stringlist">
  </option>
	<option id="QUIET" default="yes" type="bool">
		<value>NO</value>
	</option>
	<option id="WARNINGS" default="yes" type="bool">
		<value>YES</value>
	</option>
	<option id="WARN_IF_UNDOCUMENTED" default="no" type="bool">
		<value>NO</value>
	</option>
	<option id="WARN_IF_DOC_ERROR" default="yes" type="bool">
		<value>YES</value>
	</option>
	<option id="WARN_IF_INCOMPLETE_DOC" default="yes" type="bool">
		<value>YES</value>
	</option>
	<option id="WARN_NO_PARAMDOC" default="yes" type="bool">
		<value>NO</value>
	</option>
	<option id="WARN_IF_UNDOC_ENUM_VAL" default="yes" type="bool">
		<value>NO</value>
	</option>
	<option id="WARN_LAYOUT_FILE" default="yes" type="bool">
		<value>YES</value>
	</option>
	<option id="WARN_AS_ERROR" default="yes" type="string">
		<value>NO</value>
	</option>
	<option id="WARN_FORMAT" default="yes" type="string">
		<value>"$file:$line: $text"</value>
	</option>
	<option id="WARN_LINE_FORMAT" default="yes" type="string">
		<value>"at line $line of file $file"</value>
	</option>
	<option id="WARN_LOGFILE" default="yes" type="string">
		<value></value>
	</option>
	<option id="INPUT" default="no" type="stringlist">
		<value>/tmp/poxy/bug_report/temp/pages</value>
	</option>
	<option id="INPUT_ENCODING" default="yes" type="string">
		<value>UTF-8</value>
	</option>
	<option id="INPUT_FILE_ENCODING" default="yes" type="stringlist">
  </option>
	<option id="FILE_PATTERNS" default="no" type="stringlist">
		<value>*.md</value>
		<value>*.hh</value>
		<value>*.ixx</value>
		<value>*.h</value>
		<value>*.hxx</value>
		<value>*.inc</value>
		<value>*.hpp</value>
		<value>*.h++</value>
		<value>*.dox</value>
		<value>*.markdown</value>
	</option>
	<option id="RECURSIVE" default="yes" type="bool">
		<value>NO</value>
	</option>
	<option id="EXCLUDE" default="no" type="stringlist">
		<value>/tmp/poxy/bug_report/html</value>
	</option>
	<option id="EXCLUDE_SYMLINKS" default="yes" type="bool">
		<value>NO</value>
	</option>
	<option id="EXCLUDE_PATTERNS" default="yes" type="stringlist">
  </option>
	<option id="EXCLUDE_SYMBOLS" default="yes" type="stringlist">
  </option>
	<option id="EXAMPLE_PATH" default="yes" type="stringlist">
  </option>
	<option id="EXAMPLE_PATTERNS" default="yes" type="stringlist">
		<value>*</value>
	</option>
	<option id="EXAMPLE_RECURSIVE" default="yes" type="bool">
		<value>NO</value>
	</option>
	<option id="IMAGE_PATH" default="yes" type="stringlist">
  </option>
	<option id="INPUT_FILTER" default="yes" type="string">
		<value></value>
	</option>
	<option id="FILTER_PATTERNS" default="yes" type="stringlist">
  </option>
	<option id="FILTER_SOURCE_FILES" default="yes" type="bool">
		<value>NO</value>
	</option>
	<option id="FILTER_SOURCE_PATTERNS" default="yes" type="stringlist">
  </option>
	<option id="USE_MDFILE_AS_MAINPAGE" default="yes" type="string">
		<value></value>
	</option>
	<option id="IMPLICIT_DIR_DOCS" default="yes" type="bool">
		<value>YES</value>
	</option>
	<option id="FORTRAN_COMMENT_AFTER" default="yes" type="int">
		<value>72</value>
	</option>
	<option id="SOURCE_BROWSER" default="yes" type="bool">
		<value>NO</value>
	</option>
	<option id="INLINE_SOURCES" default="yes" type="bool">
		<value>NO</value>
	</option>
	<option id="STRIP_CODE_COMMENTS" default="yes" type="bool">
		<value>YES</value>
	</option>
	<option id="REFERENCED_BY_RELATION" default="yes" type="bool">
		<value>NO</value>
	</option>
	<option id="REFERENCES_RELATION" default="yes" type="bool">
		<value>NO</value>
	</option>
	<option id="REFERENCES_LINK_SOURCE" default="no" type="bool">
		<value>NO</value>
	</option>
	<option id="SOURCE_TOOLTIPS" default="yes" type="bool">
		<value>YES</value>
	</option>
	<option id="USE_HTAGS" default="yes" type="bool">
		<value>NO</value>
	</option>
	<option id="VERBATIM_HEADERS" default="no" type="bool">
		<value>NO</value>
	</option>
	<option id="CLANG_ASSISTED_PARSING" default="yes" type="bool">
		<value>NO</value>
	</option>
	<option id="CLANG_ADD_INC_PATHS" default="yes" type="bool">
		<value>YES</value>
	</option>
	<option id="CLANG_OPTIONS" default="no" type="stringlist">
		<value>-std=c++17</value>
		<value>-Wno-everything</value>
	</option>
	<option id="CLANG_DATABASE_PATH" default="yes" type="string">
		<value></value>
	</option>
	<option id="ALPHABETICAL_INDEX" default="yes" type="bool">
		<value>YES</value>
	</option>
	<option id="IGNORE_PREFIX" default="yes" type="stringlist">
  </option>
	<option id="GENERATE_HTML" default="no" type="bool">
		<value>NO</value>
	</option>
	<option id="HTML_OUTPUT" default="yes" type="string">
		<value>html</value>
	</option>
	<option id="HTML_FILE_EXTENSION" default="yes" type="string">
		<value>.html</value>
	</option>
	<option id="HTML_HEADER" default="yes" type="string">
		<value></value>
	</option>
	<option id="HTML_FOOTER" default="yes" type="string">
		<value></value>
	</option>
	<option id="HTML_STYLESHEET" default="yes" type="string">
		<value></value>
	</option>
	<option id="HTML_EXTRA_STYLESHEET" default="yes" type="stringlist">
  </option>
	<option id="HTML_EXTRA_FILES" default="yes" type="stringlist">
  </option>
	<option id="HTML_COLORSTYLE" default="yes" type="string">
		<value>AUTO_LIGHT</value>
	</option>
	<option id="HTML_COLORSTYLE_HUE" default="yes" type="int">
		<value>220</value>
	</option>
	<option id="HTML_COLORSTYLE_SAT" default="yes" type="int">
		<value>100</value>
	</option>
	<option id="HTML_COLORSTYLE_GAMMA" default="yes" type="int">
		<value>80</value>
	</option>
	<option id="HTML_DYNAMIC_MENUS" default="yes" type="bool">
		<value>YES</value>
	</option>
	<option id="HTML_DYNAMIC_SECTIONS" default="yes" type="bool">
		<value>NO</value>
	</option>
	<option id="HTML_CODE_FOLDING" default="yes" type="bool">
		<value>YES</value>
	</option>
	<option id="HTML_COPY_CLIPBOARD" default="yes" type="bool">
		<value>YES</value>
	</option>
	<option id="HTML_PROJECT_COOKIE" default="yes" type="string">
		<value></value>
	</option>
	<option id="HTML_INDEX_NUM_ENTRIES" default="yes" type="int">
		<value>100</value>
	</option>
	<option id="GENERATE_DOCSET" default="yes" type="bool">
		<value>NO</value>
	</option>
	<option id="DOCSET_FEEDNAME" default="yes" type="string">
		<value>"Doxygen generated docs"</value>
	</option>
	<option id="DOCSET_FEEDURL" default="yes" type="string">
		<value></value>
	</option>
	<option id="DOCSET_BUNDLE_ID" default="yes" type="string">
		<value>org.doxygen.Project</value>
	</option>
	<option id="DOCSET_PUBLISHER_ID" default="yes" type="string">
		<value>org.doxygen.Publisher</value>
	</option>
	<option id="DOCSET_PUBLISHER_NAME" default="yes" type="string">
		<value>Publisher</value>
	</option>
	<option id="GENERATE_HTMLHELP" default="yes" type="bool">
		<value>NO</value>
	</option>
	<option id="CHM_FILE" default="yes" type="string">
		<value></value>
	</option>
	<option id="HHC_LOCATION" default="yes" type="string">
		<value></value>
	</option>
	<option id="GENERATE_CHI" default="yes" type="bool">
		<value>NO</value>
	</option>
	<option id="CHM_INDEX_ENCODING" default="yes" type="string">
		<value></value>
	</option>
	<option id="BINARY_TOC" default="yes" type="bool">
		<value>NO</value>
	</option>
	<option id="TOC_EXPAND" default="yes" type="bool">
		<value>NO</value>
	</option>
	<option id="SITEMAP_URL" default="yes" type="string">
		<value></value>
	</option>
	<option id="GENERATE_QHP" default="yes" type="bool">
		<value>NO</value>
	</option>
	<option id="QCH_FILE" default="yes" type="string">
		<value></value>
	</option>
	<option id="QHP_NAMESPACE" default="yes" type="string">
		<value>org.doxygen.Project</value>
	</option>
	<option id="QHP_VIRTUAL_FOLDER" default="yes" type="string">
		<value>doc</value>
	</option>
	<option id="QHP_CUST_FILTER_NAME" default="yes" type="string">
		<value></value>
	</option>
	<option id="QHP_CUST_FILTER_ATTRS" default="yes" type="string">
		<value></value>
	</option>
	<option id="QHP_SECT_FILTER_ATTRS" default="yes" type="string">
		<value></value>
	</option>
	<option id="QHG_LOCATION" default="yes" type="string">
		<value></value>
	</option>
	<option id="GENERATE_ECLIPSEHELP" default="yes" type="bool">
		<value>NO</value>
	</option>
	<option id="ECLIPSE_DOC_ID" default="yes" type="string">
		<value>org.doxygen.Project</value>
	</option>
	<option id="DISABLE_INDEX" default="yes" type="bool">
		<value>NO</value>
	</option>
	<option id="GENERATE_TREEVIEW" default="no" type="bool">
		<value>NO</value>
	</option>
	<option id="PAGE_OUTLINE_PANEL" default="yes" type="bool">
		<value>YES</value>
	</option>
	<option id="FULL_SIDEBAR" default="yes" type="bool">
		<value>NO</value>
	</option>
	<option id="ENUM_VALUES_PER_LINE" default="yes" type="int">
		<value>4</value>
	</option>
	<option id="SHOW_ENUM_VALUES" default="yes" type="bool">
		<value>NO</value>
	</option>
	<option id="TREEVIEW_WIDTH" default="yes" type="int">
		<value>250</value>
	</option>
	<option id="EXT_LINKS_IN_WINDOW" default="yes" type="bool">
		<value>NO</value>
	</option>
	<option id="OBFUSCATE_EMAILS" default="yes" type="bool">
		<value>YES</value>
	</option>
	<option id="HTML_FORMULA_FORMAT" default="yes" type="string">
		<value>png</value>
	</option>
	<option id="FORMULA_FONTSIZE" default="yes" type="int">
		<value>10</value>
	</option>
	<option id="FORMULA_MACROFILE" default="yes" type="string">
		<value></value>
	</option>
	<option id="USE_MATHJAX" default="yes" type="bool">
		<value>NO</value>
	</option>
	<option id="MATHJAX_VERSION" default="yes" type="string">
		<value>MathJax_2</value>
	</option>
	<option id="MATHJAX_FORMAT" default="yes" type="string">
		<value>HTML-CSS</value>
	</option>
	<option id="MATHJAX_RELPATH" default="yes" type="string">
		<value></value>
	</option>
	<option id="MATHJAX_EXTENSIONS" default="yes" type="stringlist">
  </option>
	<option id="MATHJAX_CODEFILE" default="yes" type="string">
		<value></value>
	</option>
	<option id="SEARCHENGINE" default="yes" type="bool">
		<value>YES</value>
	</option>
	<option id="SERVER_BASED_SEARCH" default="yes" type="bool">
		<value>NO</value>
	</option>
	<option id="EXTERNAL_SEARCH" default="yes" type="bool">
		<value>NO</value>
	</option>
	<option id="SEARCHENGINE_URL" default="yes" type="string">
		<value></value>
	</option>
	<option id="SEARCHDATA_FILE" default="yes" type="string">
		<value>searchdata.xml</value>
	</option>
	<option id="EXTERNAL_SEARCH_ID" default="yes" type="string">
		<value></value>
	</option>
	<option id="EXTRA_SEARCH_MAPPINGS" default="yes" type="stringlist">
  </option>
	<option id="GENERATE_LATEX" default="no" type="bool">
		<value>NO</value>
	</option>
	<option id="LATEX_OUTPUT" default="yes" type="string">
		<value>latex</value>
	</option>
	<option id="LATEX_CMD_NAME" default="yes" type="string">
		<value></value>
	</option>
	<option id="MAKEINDEX_CMD_NAME" default="yes" type="string">
		<value>makeindex</value>
	</option>
	<option id="LATEX_MAKEINDEX_CMD" default="yes" type="string">
		<value>makeindex</value>
	</option>
	<option id="COMPACT_LATEX" default="yes" type="bool">
		<value>NO</value>
	</option>
	<option id="PAPER_TYPE" default="yes" type="string">
		<value>a4</value>
	</option>
	<option id="EXTRA_PACKAGES" default="yes" type="stringlist">
  </option>
	<option id="LATEX_HEADER" default="yes" type="string">
		<value></value>
	</option>
	<option id="LATEX_FOOTER" default="yes" type="string">
		<value></value>
	</option>
	<option id="LATEX_EXTRA_STYLESHEET" default="yes" type="stringlist">
  </option>
	<option id="LATEX_EXTRA_FILES" default="yes" type="stringlist">
  </option>
	<option id="PDF_HYPERLINKS" default="yes" type="bool">
		<value>YES</value>
	</option>
	<option id="USE_PDFLATEX" default="yes" type="bool">
		<value>YES</value>
	</option>
	<option id="LATEX_BATCHMODE" default="yes" type="string">
		<value>NO</value>
	</option>
	<option id="LATEX_HIDE_INDICES" default="yes" type="bool">
		<value>NO</value>
	</option>
	<option id="LATEX_BIB_STYLE" default="yes" type="string">
		<value>plainnat</value>
	</option>
	<option id="LATEX_EMOJI_DIRECTORY" default="yes" type="string">
		<value></value>
	</option>
	<option id="GENERATE_RTF" default="yes" type="bool">
		<value>NO</value>
	</option>
	<option id="RTF_OUTPUT" default="yes" type="string">
		<value>rtf</value>
	</option>
	<option id="COMPACT_RTF" default="yes" type="bool">
		<value>NO</value>
	</option>
	<option id="RTF_HYPERLINKS" default="yes" type="bool">
		<value>NO</value>
	</option>
	<option id="RTF_STYLESHEET_FILE" default="yes" type="string">
		<value></value>
	</option>
	<option id="RTF_EXTENSIONS_FILE" default="yes" type="string">
		<value></value>
	</option>
	<option id="RTF_EXTRA_FILES" default="yes" type="stringlist">
  </option>
	<option id="GENERATE_MAN" default="yes" type="bool">
		<value>NO</value>
	</option>
	<option id="MAN_OUTPUT" default="yes" type="string">
		<value>man</value>
	</option>
	<option id="MAN_EXTENSION" default="yes" type="string">
		<value>.3</value>
	</option>
	<option id="MAN_SUBDIR" default="yes" type="string">
		<value></value>
	</option>
	<option id="MAN_LINKS" default="yes" type="bool">
		<value>NO</value>
	</option>
	<option id="GENERATE_XML" default="no" type="bool">
		<value>YES</value>
	</option>
	<option id="XML_OUTPUT" default="no" type="string">
		<value>/tmp/poxy/bug_report/temp/xml</value>
	</option>
	<option id="XML_PROGRAMLISTING" default="no" type="bool">
		<value>NO</value>
	</option>
	<option id="XML_NS_MEMB_FILE_SCOPE" default="no" type="bool">
		<value>YES</value>
	</option>
	<option id="GENERATE_DOCBOOK" default="yes" type="bool">
		<value>NO</value>
	</option>
	<option id="DOCBOOK_OUTPUT" default="yes" type="string">
		<value>docbook</value>
	</option>
	<option id="GENERATE_AUTOGEN_DEF" default="yes" type="bool">
		<value>NO</value>
	</option>
	<option id="GENERATE_SQLITE3" default="yes" type="bool">
		<value>NO</value>
	</option>
	<option id="SQLITE3_OUTPUT" default="yes" type="string">
		<value>sqlite3</value>
	</option>
	<option id="SQLITE3_RECREATE_DB" default="yes" type="bool">
		<value>YES</value>
	</option>
	<option id="GENERATE_PERLMOD" default="yes" type="bool">
		<value>NO</value>
	</option>
	<option id="PERLMOD_LATEX" default="yes" type="bool">
		<value>NO</value>
	</option>
	<option id="PERLMOD_PRETTY" default="yes" type="bool">
		<value>YES</value>
	</option>
	<option id="PERLMOD_MAKEVAR_PREFIX" default="yes" type="string">
		<value></value>
	</option>
	<option id="ENABLE_PREPROCESSING" default="yes" type="bool">
		<value>YES</value>
	</option>
	<option id="MACRO_EXPANSION" default="no" type="bool">
		<value>YES</value>
	</option>
	<option id="EXPAND_ONLY_PREDEF" default="yes" type="bool">
		<value>NO</value>
	</option>
	<option id="SEARCH_INCLUDES" default="no" type="bool">
		<value>NO</value>
	</option>
	<option id="INCLUDE_PATH" default="yes" type="stringlist">
  </option>
	<option id="INCLUDE_FILE_PATTERNS" default="yes" type="stringlist">
  </option>
	<option id="PREDEFINED" default="no" type="stringlist">
		<value>NDEBUG=1</value>
		<value>DOXYGEN=1</value>
		<value>__DOXYGEN__=1</value>
		<value>__doxygen__=1</value>
		<value>__POXY__=1</value>
		<value>__poxy__=1</value>
		<value>__has_include(...)=0</value>
		<value>__has_attribute(...)=0</value>
		<value>__has_builtin(...)=0</value>
		<value>__has_feature(...)=0</value>
		<value>__has_cpp_attribute(...)=999999</value>
		<value>POXY_IMPLEMENTATION_DETAIL(...)=poxyimplementationdetailimplplaceholder</value>
		<value>POXY_IGNORE(...)=</value>
		<value>__cplusplus=201703L</value>
		<value>__cpp_aggregate_bases=201603</value>
		<value>__cpp_aggregate_nsdmi=201304</value>
		<value>__cpp_alias_templates=200704</value>
		<value>__cpp_aligned_new=201606</value>
		<value>__cpp_attributes=200809</value>
		<value>__cpp_binary_literals=201304</value>
		<value>__cpp_capture_star_this=201603</value>
		<value>__cpp_constexpr=201603</value>
		<value>__cpp_decltype=200707</value>
		<value>__cpp_decltype_auto=201304</value>
		<value>__cpp_deduction_guides=201703</value>
		<value>__cpp_delegating_constructors=200604</value>
		<value>__cpp_enumerator_attributes=201411</value>
		<value>__cpp_exceptions=199711</value>
		<value>__cpp_fold_expressions=201603</value>
		<value>__cpp_generic_lambdas=201304</value>
		<value>__cpp_guaranteed_copy_elision=201606</value>
		<value>__cpp_hex_float=201603</value>
		<value>__cpp_if_constexpr=201606</value>
		<value>__cpp_inheriting_constructors=201511</value>
		<value>__cpp_init_captures=201304</value>
		<value>__cpp_initializer_lists=200806</value>
		<value>__cpp_inline_variables=201606</value>
		<value>__cpp_lambdas=200907</value>
		<value>__cpp_lib_addressof_constexpr=201603</value>
		<value>__cpp_lib_allocator_traits_is_always_equal=201411</value>
		<value>__cpp_lib_any=201606</value>
		<value>__cpp_lib_apply=201603</value>
		<value>__cpp_lib_array_constexpr=201603</value>
		<value>__cpp_lib_as_const=201510</value>
		<value>__cpp_lib_atomic_is_always_lock_free=201603</value>
		<value>__cpp_lib_bool_constant=201505</value>
		<value>__cpp_lib_boyer_moore_searcher=201603</value>
		<value>__cpp_lib_byte=201603</value>
		<value>__cpp_lib_chrono=201611</value>
		<value>__cpp_lib_chrono_udls=201304</value>
		<value>__cpp_lib_clamp=201603</value>
		<value>__cpp_lib_complex_udls=201309</value>
		<value>__cpp_lib_enable_shared_from_this=201603</value>
		<value>__cpp_lib_exchange_function=201304</value>
		<value>__cpp_lib_execution=201603</value>
		<value>__cpp_lib_filesystem=201703</value>
		<value>__cpp_lib_gcd_lcm=201606</value>
		<value>__cpp_lib_generic_associative_lookup=201304</value>
		<value>__cpp_lib_hardware_interference_size=201703</value>
		<value>__cpp_lib_has_unique_object_representations=201606</value>
		<value>__cpp_lib_hypot=201603</value>
		<value>__cpp_lib_incomplete_container_elements=201505</value>
		<value>__cpp_lib_integer_sequence=201304</value>
		<value>__cpp_lib_integral_constant_callable=201304</value>
		<value>__cpp_lib_invoke=201411</value>
		<value>__cpp_lib_is_aggregate=201703</value>
		<value>__cpp_lib_is_final=201402</value>
		<value>__cpp_lib_is_invocable=201703</value>
		<value>__cpp_lib_is_null_pointer=201309</value>
		<value>__cpp_lib_is_swappable=201603</value>
		<value>__cpp_lib_launder=201606</value>
		<value>__cpp_lib_logical_traits=201510</value>
		<value>__cpp_lib_make_from_tuple=201606</value>
		<value>__cpp_lib_make_reverse_iterator=201402</value>
		<value>__cpp_lib_make_unique=201304</value>
		<value>__cpp_lib_map_try_emplace=201411</value>
		<value>__cpp_lib_math_special_functions=201603</value>
		<value>__cpp_lib_memory_resource=201603</value>
		<value>__cpp_lib_node_extract=201606</value>
		<value>__cpp_lib_nonmember_container_access=201411</value>
		<value>__cpp_lib_not_fn=201603</value>
		<value>__cpp_lib_null_iterators=201304</value>
		<value>__cpp_lib_optional=201606</value>
		<value>__cpp_lib_parallel_algorithm=201603</value>
		<value>__cpp_lib_quoted_string_io=201304</value>
		<value>__cpp_lib_raw_memory_algorithms=201606</value>
		<value>__cpp_lib_result_of_sfinae=201210</value>
		<value>__cpp_lib_robust_nonmodifying_seq_ops=201304</value>
		<value>__cpp_lib_sample=201603</value>
		<value>__cpp_lib_scoped_lock=201703</value>
		<value>__cpp_lib_shared_mutex=201505</value>
		<value>__cpp_lib_shared_ptr_arrays=201611</value>
		<value>__cpp_lib_shared_ptr_weak_type=201606</value>
		<value>__cpp_lib_shared_timed_mutex=201402</value>
		<value>__cpp_lib_string_udls=201304</value>
		<value>__cpp_lib_string_view=201606</value>
		<value>__cpp_lib_to_chars=201611</value>
		<value>__cpp_lib_transformation_trait_aliases=201304</value>
		<value>__cpp_lib_transparent_operators=201510</value>
		<value>__cpp_lib_tuple_element_t=201402</value>
		<value>__cpp_lib_tuples_by_type=201304</value>
		<value>__cpp_lib_type_trait_variable_templates=201510</value>
		<value>__cpp_lib_uncaught_exceptions=201411</value>
		<value>__cpp_lib_unordered_map_try_emplace=201411</value>
		<value>__cpp_lib_variant=201606</value>
		<value>__cpp_lib_void_t=201411</value>
		<value>__cpp_namespace_attributes=201411</value>
		<value>__cpp_noexcept_function_type=201510</value>
		<value>__cpp_nontype_template_args=201411</value>
		<value>__cpp_nontype_template_parameter_auto=201606</value>
		<value>__cpp_nsdmi=200809</value>
		<value>__cpp_range_based_for=201603</value>
		<value>__cpp_raw_strings=200710</value>
		<value>__cpp_ref_qualifiers=200710</value>
		<value>__cpp_return_type_deduction=201304</value>
		<value>__cpp_rtti=199711</value>
		<value>__cpp_rvalue_references=200610</value>
		<value>__cpp_sized_deallocation=201309</value>
		<value>__cpp_static_assert=201411</value>
		<value>__cpp_structured_bindings=201606</value>
		<value>__cpp_template_template_args=201611</value>
		<value>__cpp_threadsafe_static_init=200806</value>
		<value>__cpp_unicode_characters=200704</value>
		<value>__cpp_unicode_literals=200710</value>
		<value>__cpp_user_defined_literals=200809</value>
		<value>__cpp_variable_templates=201304</value>
		<value>__cpp_variadic_templates=200704</value>
		<value>__cpp_variadic_using=201611</value>
	</option>
	<option id="EXPAND_AS_DEFINED" default="yes" type="stringlist">
  </option>
	<option id="SKIP_FUNCTION_MACROS" default="no" type="bool">
		<value>NO</value>
	</option>
	<option id="TAGFILES" default="no" type="stringlist">
		<value>/home/wanj/.local/share/pipx/venvs/poxy/lib/python3.13/site-packages/poxy/cppreference-doxygen-web.tag.xml=http://en.cppreference.com/w/</value>
	</option>
	<option id="GENERATE_TAGFILE" default="no" type="string">
		<value>/tmp/poxy/bug_report/temp/Calendar_Tool.tagfile.xml</value>
	</option>
	<option id="ALLEXTERNALS" default="yes" type="bool">
		<value>NO</value>
	</option>
	<option id="EXTERNAL_GROUPS" default="no" type="bool">
		<value>NO</value>
	</option>
	<option id="EXTERNAL_PAGES" default="no" type="bool">
		<value>NO</value>
	</option>
	<option id="HIDE_UNDOC_RELATIONS" default="yes" type="bool">
		<value>YES</value>
	</option>
	<option id="HAVE_DOT" default="no" type="bool">
		<value>YES</value>
	</option>
	<option id="DOT_NUM_THREADS" default="yes" type="int">
		<value>0</value>
	</option>
	<option id="DOT_COMMON_ATTR" default="no" type="string">
		<value>"fontname=\"Source Sans Pro\",fontsize=16"</value>
	</option>
	<option id="DOT_EDGE_ATTR" default="no" type="string">
		<value>"labelfontname=\"Source Sans Pro\",labelfontsize=16"</value>
	</option>
	<option id="DOT_NODE_ATTR" default="yes" type="string">
		<value>"shape=box,height=0.2,width=0.4"</value>
	</option>
	<option id="DOT_FONTPATH" default="yes" type="string">
		<value></value>
	</option>
	<option id="CLASS_GRAPH" default="yes" type="string">
		<value>YES</value>
	</option>
	<option id="COLLABORATION_GRAPH" default="yes" type="bool">
		<value>YES</value>
	</option>
	<option id="GROUP_GRAPHS" default="yes" type="bool">
		<value>YES</value>
	</option>
	<option id="UML_LOOK" default="yes" type="bool">
		<value>NO</value>
	</option>
	<option id="UML_LIMIT_NUM_FIELDS" default="yes" type="int">
		<value>10</value>
	</option>
	<option id="UML_MAX_EDGE_LABELS" default="yes" type="int">
		<value>10</value>
	</option>
	<option id="DOT_UML_DETAILS" default="yes" type="string">
		<value>NO</value>
	</option>
	<option id="DOT_WRAP_THRESHOLD" default="yes" type="int">
		<value>17</value>
	</option>
	<option id="TEMPLATE_RELATIONS" default="yes" type="bool">
		<value>NO</value>
	</option>
	<option id="INCLUDE_GRAPH" default="yes" type="bool">
		<value>YES</value>
	</option>
	<option id="INCLUDED_BY_GRAPH" default="yes" type="bool">
		<value>YES</value>
	</option>
	<option id="CALL_GRAPH" default="yes" type="bool">
		<value>NO</value>
	</option>
	<option id="CALLER_GRAPH" default="yes" type="bool">
		<value>NO</value>
	</option>
	<option id="GRAPHICAL_HIERARCHY" default="yes" type="bool">
		<value>YES</value>
	</option>
	<option id="DIRECTORY_GRAPH" default="yes" type="bool">
		<value>YES</value>
	</option>
	<option id="DIR_GRAPH_MAX_DEPTH" default="yes" type="int">
		<value>1</value>
	</option>
	<option id="DOT_IMAGE_FORMAT" default="yes" type="string">
		<value>png</value>
	</option>
	<option id="INTERACTIVE_SVG" default="yes" type="bool">
		<value>NO</value>
	</option>
	<option id="DOT_PATH" default="yes" type="string">
		<value></value>
	</option>
	<option id="DOTFILE_DIRS" default="yes" type="stringlist">
  </option>
	<option id="DIA_PATH" default="yes" type="string">
		<value></value>
	</option>
	<option id="DIAFILE_DIRS" default="yes" type="stringlist">
  </option>
	<option id="PLANTUML_JAR_PATH" default="yes" type="string">
		<value></value>
	</option>
	<option id="PLANTUML_CFG_FILE" default="yes" type="string">
		<value></value>
	</option>
	<option id="PLANTUML_INCLUDE_PATH" default="yes" type="stringlist">
  </option>
	<option id="PLANTUMLFILE_DIRS" default="yes" type="stringlist">
  </option>
	<option id="DOT_GRAPH_MAX_NODES" default="yes" type="int">
		<value>50</value>
	</option>
	<option id="MAX_DOT_GRAPH_DEPTH" default="yes" type="int">
		<value>0</value>
	</option>
	<option id="DOT_MULTI_TARGETS" default="yes" type="bool">
		<value>NO</value>
	</option>
	<option id="GENERATE_LEGEND" default="no" type="bool">
		<value>NO</value>
	</option>
	<option id="DOT_CLEANUP" default="yes" type="bool">
		<value>YES</value>
	</option>
	<option id="MSCGEN_TOOL" default="yes" type="string">
		<value></value>
	</option>
	<option id="MSCFILE_DIRS" default="yes" type="stringlist">
  </option>
</doxyfile>